{
  "TargetFile": "magiceffects.json", 
  "Author": "Majestic",
  "RequireAll": true, 
  "Patches": [
	{
      "Path": "$.MagicItemEffects[?(@.Type == 'ModifyDamage')].ValuesPerRarity", 
      "Action": "Overwrite",
      "Value": {
        "Magic" : 		{ "MinValue" : 2,    "MaxValue" : 6,    "Increment" : 0.5 },
        "Rare" : 		{ "MinValue" : 3,    "MaxValue" : 9,    "Increment" : 0.5 },
        "Epic" : 		{ "MinValue" : 4,    "MaxValue" : 12,   "Increment" : 0.5 },
        "Legendary" :   { "MinValue" : 5,    "MaxValue" : 15,   "Increment" : 0.5 }
       }
    },
	
	{
      "Path": "$.MagicItemEffects[?(@.Type == 'ModifyPhysicalDamage')].ValuesPerRarity", 
      "Action": "Overwrite",
      "Value": {
        "Magic" : 		{ "MinValue" : 2,    "MaxValue" : 6,    "Increment" : 0.5 },
        "Rare" : 		{ "MinValue" : 3,    "MaxValue" : 9,    "Increment" : 0.5 },
        "Epic" : 		{ "MinValue" : 4,    "MaxValue" : 12,   "Increment" : 0.5 },
        "Legendary" :   { "MinValue" : 5,    "MaxValue" : 15,   "Increment" : 0.5 }
       }
    },
	{
      "Path": "$.MagicItemEffects[?(@.Type == 'ModifyElementalDamage')].ValuesPerRarity", 
      "Action": "Overwrite",
      "Value": {
        "Magic" : 		{ "MinValue" : 2,    "MaxValue" : 6,    "Increment" : 0.5 },
        "Rare" : 		{ "MinValue" : 3,    "MaxValue" : 9,    "Increment" : 0.5 },
        "Epic" : 		{ "MinValue" : 4,    "MaxValue" : 12,   "Increment" : 0.5 },
        "Legendary" :   { "MinValue" : 5,    "MaxValue" : 15,   "Increment" : 0.5 }
       }
    },
	{
      "Path": "$.MagicItemEffects[?(@.Type == 'ModifyDurability')].ValuesPerRarity", 
      "Action": "Overwrite",
      "Value": {
		"Magic" : 		{ "MinValue" : 20, "MaxValue" : 100, "Increment" : 5 },
        "Rare" : 		{ "MinValue" : 30, "MaxValue" : 100, "Increment" : 5 },
        "Epic" : 		{ "MinValue" : 40, "MaxValue" : 100, "Increment" : 5 }
	  }
    },
	{
      "Path": "$.MagicItemEffects[?(@.Type == 'ModifyBlockPower')].ValuesPerRarity", 
      "Action": "Overwrite",
      "Value": {
        "Magic" : 		{ "MinValue" : 2,    "MaxValue" : 6,    "Increment" : 0.5 },
        "Rare" : 		{ "MinValue" : 3,    "MaxValue" : 9,    "Increment" : 0.5 },
        "Epic" : 		{ "MinValue" : 4,    "MaxValue" : 12,   "Increment" : 0.5 },
        "Legendary" :   { "MinValue" : 5,    "MaxValue" : 15,   "Increment" : 0.5 }
       }
    },
	{
      "Path": "$.MagicItemEffects[?(@.Type == 'ModifyParry')].ValuesPerRarity", 
      "Action": "Overwrite",
      "Value": {
        "Magic" : 		{ "MinValue" : 2,    "MaxValue" : 6,    "Increment" : 0.5 },
        "Rare" : 		{ "MinValue" : 3,    "MaxValue" : 9,    "Increment" : 0.5 },
        "Epic" : 		{ "MinValue" : 4,    "MaxValue" : 12,   "Increment" : 0.5 },
        "Legendary" :   { "MinValue" : 5,    "MaxValue" : 15,   "Increment" : 0.5 }
       }
    },
	{
      "Path": "$.MagicItemEffects[?(@.Type == 'ModifyArmor')].ValuesPerRarity", 
      "Action": "Overwrite",
      "Value": {
        "Magic" : 		{ "MinValue" : 2,    "MaxValue" : 4,    "Increment" : 0.5 },
        "Rare" : 		{ "MinValue" : 3,    "MaxValue" : 6,   "Increment" : 0.5 },
        "Epic" : 		{ "MinValue" : 4,    "MaxValue" : 8,   "Increment" : 0.5 },
        "Legendary" :   { "MinValue" : 5,    "MaxValue" : 10,   "Increment" : 0.5 }
       }
    },
	{
      "Path": "$.MagicItemEffects[?(@.Type == 'ModifyBackstab')].ValuesPerRarity", 
      "Action": "Overwrite",
      "Value": {
        "Magic" : 		{ "MinValue" : 2,    "MaxValue" : 4,    "Increment" : 0.5 },
        "Rare" : 		{ "MinValue" : 3,    "MaxValue" : 6,   "Increment" : 0.5 },
        "Epic" : 		{ "MinValue" : 4,    "MaxValue" : 8,   "Increment" : 0.5 },
        "Legendary" :   { "MinValue" : 5,    "MaxValue" : 10,   "Increment" : 0.5 }
       }
    },
	{
      "Path": "$.MagicItemEffects[?(@.Type == 'IncreaseHealth')].ValuesPerRarity", 
      "Action": "Overwrite",
      "Value": {
        "Magic" : 		{ "MinValue" : 2,    "MaxValue" : 6,    "Increment" : 0.5 },
        "Rare" : 		{ "MinValue" : 3,    "MaxValue" : 9,   "Increment" : 0.5 },
        "Epic" : 		{ "MinValue" : 4,    "MaxValue" : 12,   "Increment" : 0.5 },
        "Legendary" :   { "MinValue" : 5,    "MaxValue" : 15,   "Increment" : 0.5 }
       }
    },
	{
      "Path": "$.MagicItemEffects[?(@.Type == 'IncreaseStamina')].ValuesPerRarity", 
      "Action": "Overwrite",
      "Value": {
        "Magic" : 		{ "MinValue" : 2,    "MaxValue" : 6,    "Increment" : 0.5 },
        "Rare" : 		{ "MinValue" : 3,    "MaxValue" : 9,   "Increment" : 0.5 },
        "Epic" : 		{ "MinValue" : 4,    "MaxValue" : 12,   "Increment" : 0.5 },
        "Legendary" :   { "MinValue" : 5,    "MaxValue" : 15,   "Increment" : 0.5 }
       }
    },
	{
      "Path": "$.MagicItemEffects[?(@.Type == 'IncreaseEitr')].ValuesPerRarity", 
      "Action": "Overwrite",
      "Value": {
        "Epic" : 	  { "MinValue" : 5, "MaxValue" : 15, "Increment" : 0.5 },
        "Legendary" : { "MinValue" : 10, "MaxValue" : 20, "Increment" : 0.5 }
       }
    },
	{
      "Path": "$.MagicItemEffects[?(@.Type == 'ModifyHealthRegen')].ValuesPerRarity", 
      "Action": "Overwrite",
      "Value": {
        "Magic" : 		{ "MinValue" : 1,    "MaxValue" : 3,    "Increment" : 0.2 },
        "Rare" : 		{ "MinValue" : 1,    "MaxValue" : 5,   "Increment" : 0.2 },
        "Epic" : 		{ "MinValue" : 1,    "MaxValue" : 7,   "Increment" : 0.2 },
        "Legendary" :   { "MinValue" : 1,    "MaxValue" : 10,   "Increment" : 0.2 }
       }
    },
	{
      "Path": "$.MagicItemEffects[?(@.Type == 'ModifyHealthRegen')].SelectionWeight", 
      "Action": "Overwrite",
      "Value": 0.5
    },
	
	{
      "Path": "$.MagicItemEffects[?(@.Type == 'AddHealthRegen')].ValuesPerRarity", 
      "Action": "Overwrite",
      "Value": {
        "Magic" : 		{ "MinValue" : 0.2,    "MaxValue" : 2,   "Increment" : 0.2 },
        "Rare" : 		{ "MinValue" : 0.4,    "MaxValue" : 3,   "Increment" : 0.2 },
        "Epic" : 		{ "MinValue" : 0.6,    "MaxValue" : 4,   "Increment" : 0.2 },
        "Legendary" :   { "MinValue" : 1,      "MaxValue" : 5,   "Increment" : 0.2 }
       }
    },
	{
      "Path": "$.MagicItemEffects[?(@.Type == 'AddHealthRegen')].SelectionWeight", 
      "Action": "Overwrite",
      "Value": 0.2
    },
	
	{
      "Path": "$.MagicItemEffects[?(@.Type == 'ModifyStaminaRegen')].ValuesPerRarity", 
      "Action": "Overwrite",
      "Value": {
        "Magic" : 		{ "MinValue" : 2,    "MaxValue" : 6,    "Increment" : 0.5 },
        "Rare" : 		{ "MinValue" : 3,    "MaxValue" : 9,   "Increment" : 0.5 },
        "Epic" : 		{ "MinValue" : 4,    "MaxValue" : 12,   "Increment" : 0.5 },
        "Legendary" :   { "MinValue" : 5,    "MaxValue" : 15,   "Increment" : 0.5 }
       }
    },
	{
      "Path": "$.MagicItemEffects[?(@.Type == 'ModifyEitrRegen')].ValuesPerRarity", 
      "Action": "Overwrite",
      "Value": {
        "Epic" : 	  { "MinValue" : 5, "MaxValue" : 15, "Increment" : 0.5 },
        "Legendary" : { "MinValue" : 10, "MaxValue" : 20, "Increment" : 0.5 }
       }
    },
	{
      "Path": "$.MagicItemEffects[?(@.Type == 'AddBluntDamage')].ValuesPerRarity", 
      "Action": "Overwrite",
      "Value": {
        "Magic" : 		{ "MinValue" : 1,  "MaxValue" : 3,  "Increment" : 0.5 },
        "Rare" : 		{ "MinValue" : 2,  "MaxValue" : 6,  "Increment" : 0.5 },
        "Epic" : 		{ "MinValue" : 3,  "MaxValue" : 9,  "Increment" : 0.5 },
        "Legendary" : 	{ "MinValue" : 4,  "MaxValue" : 12, "Increment" : 0.5 }
       }
    },
	{
      "Path": "$.MagicItemEffects[?(@.Type == 'AddSlashingDamage')].ValuesPerRarity", 
      "Action": "Overwrite",
      "Value": {
        "Magic" : 		{ "MinValue" : 1,  "MaxValue" : 3,  "Increment" : 0.5 },
        "Rare" : 		{ "MinValue" : 2,  "MaxValue" : 6,  "Increment" : 0.5 },
        "Epic" : 		{ "MinValue" : 3,  "MaxValue" : 9,  "Increment" : 0.5 },
        "Legendary" : 	{ "MinValue" : 4,  "MaxValue" : 12, "Increment" : 0.5 }
       }
    },
	{
      "Path": "$.MagicItemEffects[?(@.Type == 'AddPiercingDamage')].ValuesPerRarity", 
      "Action": "Overwrite",
      "Value": {
        "Magic" : 		{ "MinValue" : 1,  "MaxValue" : 3,  "Increment" : 0.5 },
        "Rare" : 		{ "MinValue" : 2,  "MaxValue" : 6,  "Increment" : 0.5 },
        "Epic" : 		{ "MinValue" : 3,  "MaxValue" : 9,  "Increment" : 0.5 },
        "Legendary" : 	{ "MinValue" : 4,  "MaxValue" : 12, "Increment" : 0.5 }
       }
    },
	{
      "Path": "$.MagicItemEffects[?(@.Type == 'AddFireDamage')].ValuesPerRarity", 
      "Action": "Overwrite",
      "Value": {
        "Magic" : 		{ "MinValue" : 1,  "MaxValue" : 3,  "Increment" : 0.5 },
        "Rare" : 		{ "MinValue" : 2,  "MaxValue" : 6,  "Increment" : 0.5 },
        "Epic" : 		{ "MinValue" : 3,  "MaxValue" : 9,  "Increment" : 0.5 },
        "Legendary" : 	{ "MinValue" : 4,  "MaxValue" : 12, "Increment" : 0.5 }
       }
    },
	{
      "Path": "$.MagicItemEffects[?(@.Type == 'AddFrostDamage')].ValuesPerRarity", 
      "Action": "Overwrite",
      "Value": {
        "Magic" : 		{ "MinValue" : 1,  "MaxValue" : 3,  "Increment" : 0.5 },
        "Rare" : 		{ "MinValue" : 2,  "MaxValue" : 6,  "Increment" : 0.5 },
        "Epic" : 		{ "MinValue" : 3,  "MaxValue" : 9,  "Increment" : 0.5 },
        "Legendary" : 	{ "MinValue" : 4,  "MaxValue" : 12, "Increment" : 0.5 }
       }
    },
	{
      "Path": "$.MagicItemEffects[?(@.Type == 'AddLightningDamage')].ValuesPerRarity", 
      "Action": "Overwrite",
      "Value": {
        "Magic" : 		{ "MinValue" : 1,  "MaxValue" : 3,  "Increment" : 0.5 },
        "Rare" : 		{ "MinValue" : 2,  "MaxValue" : 6,  "Increment" : 0.5 },
        "Epic" : 		{ "MinValue" : 3,  "MaxValue" : 9,  "Increment" : 0.5 },
        "Legendary" : 	{ "MinValue" : 4,  "MaxValue" : 12, "Increment" : 0.5 }
       }
    },
	{
      "Path": "$.MagicItemEffects[?(@.Type == 'AddPoisonDamage')].ValuesPerRarity", 
      "Action": "Overwrite",
      "Value": {
        "Magic" : 		{ "MinValue" : 1,  "MaxValue" : 3,  "Increment" : 0.5 },
        "Rare" : 		{ "MinValue" : 2,  "MaxValue" : 6,  "Increment" : 0.5 },
        "Epic" : 		{ "MinValue" : 3,  "MaxValue" : 9,  "Increment" : 0.5 },
        "Legendary" : 	{ "MinValue" : 4,  "MaxValue" : 12, "Increment" : 0.5 }
       }
    },
	{
      "Path": "$.MagicItemEffects[?(@.Type == 'AddSpiritDamage')].ValuesPerRarity", 
      "Action": "Overwrite",
      "Value": {
        "Magic" : 		{ "MinValue" : 1,  "MaxValue" : 3,  "Increment" : 0.5 },
        "Rare" : 		{ "MinValue" : 2,  "MaxValue" : 6,  "Increment" : 0.5 },
        "Epic" : 		{ "MinValue" : 3,  "MaxValue" : 9,  "Increment" : 0.5 },
        "Legendary" : 	{ "MinValue" : 4,  "MaxValue" : 12, "Increment" : 0.5 }
       }
    },
	{
      "Path": "$.MagicItemEffects[?(@.Type == 'AddFireResistancePercentage')].ValuesPerRarity", 
      "Action": "Overwrite",
      "Value": {
        "Magic" : 		{ "MinValue" : 2,   "MaxValue" : 4,   "Increment" : 0.2 },
        "Rare" : 		{ "MinValue" : 3,   "MaxValue" : 6,   "Increment" : 0.2 },
        "Epic" : 		{ "MinValue" : 4,   "MaxValue" : 8,   "Increment" : 0.2 },
        "Legendary" :   { "MinValue" : 5,   "MaxValue" : 10,  "Increment" : 0.2 }
       }
    },
	{
      "Path": "$.MagicItemEffects[?(@.Type == 'AddFrostResistancePercentage')].ValuesPerRarity", 
      "Action": "Overwrite",
      "Value": {
        "Magic" : 		{ "MinValue" : 2,   "MaxValue" : 4,   "Increment" : 0.2 },
        "Rare" : 		{ "MinValue" : 3,   "MaxValue" : 6,   "Increment" : 0.2 },
        "Epic" : 		{ "MinValue" : 4,   "MaxValue" : 8,   "Increment" : 0.2 },
        "Legendary" :   { "MinValue" : 5,   "MaxValue" : 10,  "Increment" : 0.2 }
       }
    },
	{
      "Path": "$.MagicItemEffects[?(@.Type == 'AddLightningResistancePercentage')].ValuesPerRarity", 
      "Action": "Overwrite",
      "Value": {
        "Magic" : 		{ "MinValue" : 2,   "MaxValue" : 4,   "Increment" : 0.2 },
        "Rare" : 		{ "MinValue" : 3,   "MaxValue" : 6,   "Increment" : 0.2 },
        "Epic" : 		{ "MinValue" : 4,   "MaxValue" : 8,   "Increment" : 0.2 },
        "Legendary" :   { "MinValue" : 5,   "MaxValue" : 10,  "Increment" : 0.2 }
       }
    },
	{
      "Path": "$.MagicItemEffects[?(@.Type == 'AddPoisonResistancePercentage')].ValuesPerRarity", 
      "Action": "Overwrite",
      "Value": {
        "Magic" : 		{ "MinValue" : 2,   "MaxValue" : 4,   "Increment" : 0.2 },
        "Rare" : 		{ "MinValue" : 3,   "MaxValue" : 6,   "Increment" : 0.2 },
        "Epic" : 		{ "MinValue" : 4,   "MaxValue" : 8,   "Increment" : 0.2 },
        "Legendary" :   { "MinValue" : 5,   "MaxValue" : 10,  "Increment" : 0.2 }
       }
    },
	{
      "Path": "$.MagicItemEffects[?(@.Type == 'AddSpiritResistancePercentage')].ValuesPerRarity", 
      "Action": "Overwrite",
      "Value": {
        "Magic" : 		{ "MinValue" : 2,   "MaxValue" : 4,   "Increment" : 0.2 },
        "Rare" : 		{ "MinValue" : 3,   "MaxValue" : 6,   "Increment" : 0.2 },
        "Epic" : 		{ "MinValue" : 4,   "MaxValue" : 8,   "Increment" : 0.2 },
        "Legendary" :   { "MinValue" : 5,   "MaxValue" : 10,  "Increment" : 0.2 }
       }
    },
	{
      "Path": "$.MagicItemEffects[?(@.Type == 'AddElementalResistancePercentage')].ValuesPerRarity", 
      "Action": "Overwrite",
      "Value": {
        "Magic" : 		{ "MinValue" : 2,   "MaxValue" : 4,   "Increment" : 0.2 },
        "Rare" : 		{ "MinValue" : 3,   "MaxValue" : 6,   "Increment" : 0.2 },
        "Epic" : 		{ "MinValue" : 4,   "MaxValue" : 8,   "Increment" : 0.2 },
        "Legendary" :   { "MinValue" : 5,   "MaxValue" : 10,  "Increment" : 0.2 }
       }
    },
	{
      "Path": "$.MagicItemEffects[?(@.Type == 'AddElementalResistancePercentage')].SelectionWeight", 
      "Action": "Overwrite",
      "Value": 0.2
	},
	{
      "Path": "$.MagicItemEffects[?(@.Type == 'AddBluntResistancePercentage')].ValuesPerRarity", 
      "Action": "Overwrite",
      "Value": {
        "Magic" : 		{ "MinValue" : 2,    "MaxValue" : 4,    "Increment" : 0.2 },
        "Rare" : 		{ "MinValue" : 3,    "MaxValue" : 6,   "Increment" : 0.2 },
        "Epic" : 		{ "MinValue" : 4,    "MaxValue" : 8,   "Increment" : 0.2 },
        "Legendary" :   { "MinValue" : 5,    "MaxValue" : 10,   "Increment" : 0.2 }
       }
    },
	{
      "Path": "$.MagicItemEffects[?(@.Type == 'AddSlashingResistancePercentage')].ValuesPerRarity", 
      "Action": "Overwrite",
      "Value": {
        "Magic" : 		{ "MinValue" : 2,    "MaxValue" : 4,    "Increment" : 0.2 },
        "Rare" : 		{ "MinValue" : 3,    "MaxValue" : 6,   "Increment" : 0.2 },
        "Epic" : 		{ "MinValue" : 4,    "MaxValue" : 8,   "Increment" : 0.2 },
        "Legendary" :   { "MinValue" : 5,    "MaxValue" : 10,   "Increment" : 0.2 }
       }
    },
	{
      "Path": "$.MagicItemEffects[?(@.Type == 'AddPiercingResistancePercentage')].ValuesPerRarity", 
      "Action": "Overwrite",
      "Value": {
        "Magic" : 		{ "MinValue" : 2,    "MaxValue" : 4,    "Increment" : 0.2 },
        "Rare" : 		{ "MinValue" : 3,    "MaxValue" : 6,   "Increment" : 0.2 },
        "Epic" : 		{ "MinValue" : 4,    "MaxValue" : 8,   "Increment" : 0.2 },
        "Legendary" :   { "MinValue" : 5,    "MaxValue" : 10,   "Increment" : 0.2 }
       }
    },
	{
      "Path": "$.MagicItemEffects[?(@.Type == 'AddChoppingResistancePercentage')].ValuesPerRarity", 
      "Action": "Overwrite",
      "Value": {
        "Magic" : 		{ "MinValue" : 2,    "MaxValue" : 4,    "Increment" : 0.2 },
        "Rare" : 		{ "MinValue" : 3,    "MaxValue" : 6,   "Increment" : 0.2 },
        "Epic" : 		{ "MinValue" : 4,    "MaxValue" : 8,   "Increment" : 0.2 },
        "Legendary" :   { "MinValue" : 5,    "MaxValue" : 10,   "Increment" : 0.2 }
       }
    },
	{
      "Path": "$.MagicItemEffects[?(@.Type == 'AddPhysicalResistancePercentage')].ValuesPerRarity", 
      "Action": "Overwrite",
      "Value": {
        "Magic" : 		{ "MinValue" : 2,    "MaxValue" : 4,    "Increment" : 0.2 },
        "Rare" : 		{ "MinValue" : 3,    "MaxValue" : 6,   "Increment" : 0.2 },
        "Epic" : 		{ "MinValue" : 4,    "MaxValue" : 8,   "Increment" : 0.2 },
        "Legendary" :   { "MinValue" : 5,    "MaxValue" : 10,   "Increment" : 0.2 }
       }
    },
	{
      "Path": "$.MagicItemEffects[?(@.Type == 'ModifyMovementSpeed')].ValuesPerRarity", 
      "Action": "Overwrite",
      "Value": {
        "Magic" : 		{ "MinValue" : 2,    "MaxValue" : 6,    "Increment" : 0.5 },
        "Rare" : 		{ "MinValue" : 3,    "MaxValue" : 9,   "Increment" : 0.5 },
        "Epic" : 		{ "MinValue" : 4,    "MaxValue" : 12,   "Increment" : 0.5 },
        "Legendary" :   { "MinValue" : 5,    "MaxValue" : 15,   "Increment" : 0.5 }
       }
    },
	{
      "Path": "$.MagicItemEffects[?(@.Type == 'ModifySprintStaminaUse')].ValuesPerRarity", 
      "Action": "Overwrite",
      "Value": {
        "Magic" : 		{ "MinValue" : 2,    "MaxValue" : 6,    "Increment" : 0.5 },
        "Rare" : 		{ "MinValue" : 3,    "MaxValue" : 9,   "Increment" : 0.5 },
        "Epic" : 		{ "MinValue" : 4,    "MaxValue" : 12,   "Increment" : 0.5 },
        "Legendary" :   { "MinValue" : 5,    "MaxValue" : 15,   "Increment" : 0.5 }
       }
    },
	{
      "Path": "$.MagicItemEffects[?(@.Type == 'ModifyJumpStaminaUse')].ValuesPerRarity", 
      "Action": "Overwrite",
      "Value": {
        "Magic" : 		{ "MinValue" : 2,    "MaxValue" : 6,    "Increment" : 0.5 },
        "Rare" : 		{ "MinValue" : 3,    "MaxValue" : 9,   "Increment" : 0.5 },
        "Epic" : 		{ "MinValue" : 4,    "MaxValue" : 12,   "Increment" : 0.5 },
        "Legendary" :   { "MinValue" : 5,    "MaxValue" : 15,   "Increment" : 0.5 }
       }
    },
	{
      "Path": "$.MagicItemEffects[?(@.Type == 'ModifyAttackStaminaUse')].ValuesPerRarity", 
      "Action": "Overwrite",
      "Value": {
        "Magic" : 		{ "MinValue" : 2,    "MaxValue" : 6,    "Increment" : 0.5 },
        "Rare" : 		{ "MinValue" : 3,    "MaxValue" : 9,   "Increment" : 0.5 },
        "Epic" : 		{ "MinValue" : 4,    "MaxValue" : 12,   "Increment" : 0.5 },
        "Legendary" :   { "MinValue" : 5,    "MaxValue" : 15,   "Increment" : 0.5 }
       }
    },
	{
      "Path": "$.MagicItemEffects[?(@.Type == 'ModifyBlockStaminaUse')].ValuesPerRarity", 
      "Action": "Overwrite",
      "Value": {
        "Magic" : 		{ "MinValue" : 2,    "MaxValue" : 6,    "Increment" : 0.5 },
        "Rare" : 		{ "MinValue" : 3,    "MaxValue" : 9,   "Increment" : 0.5 },
        "Epic" : 		{ "MinValue" : 4,    "MaxValue" : 12,   "Increment" : 0.5 },
        "Legendary" :   { "MinValue" : 5,    "MaxValue" : 15,   "Increment" : 0.5 }
       }
    },
	{
      "Path": "$.MagicItemEffects[?(@.Type == 'AddCarryWeight')].ValuesPerRarity", 
      "Action": "Overwrite",
      "Value": {
        "Magic" : 		{ "MinValue" : 5,    "MaxValue" : 10,   "Increment" : 1 },
        "Rare" : 		{ "MinValue" : 10,   "MaxValue" : 15,   "Increment" : 1 },
        "Epic" : 		{ "MinValue" : 15,   "MaxValue" : 25,   "Increment" : 1 },
        "Legendary" :   { "MinValue" : 20,   "MaxValue" : 50,   "Increment" : 1 }
       }
    },
	{
      "Path": "$.MagicItemEffects[?(@.Type == 'LifeSteal')].ValuesPerRarity", 
      "Action": "Overwrite",
      "Value": {
        "Magic" : 		{ "MinValue" : 0.5,    "MaxValue" : 2,   "Increment" : 0.3 },
        "Rare" : 		{ "MinValue" : 1.5,    "MaxValue" : 3,   "Increment" : 0.3 },
        "Epic" : 		{ "MinValue" : 2.5,    "MaxValue" : 4,   "Increment" : 0.3 },
        "Legendary" :   { "MinValue" : 3.5,    "MaxValue" : 6,   "Increment" : 0.3 }
       }
    },
	{
      "Path": "$.MagicItemEffects[?(@.Type == 'ModifyAttackSpeed')].ValuesPerRarity", 
      "Action": "Overwrite",
      "Value": {
        "Magic" : 		{ "MinValue" : 2,    "MaxValue" : 6,    "Increment" : 0.5 },
        "Rare" : 		{ "MinValue" : 3,    "MaxValue" : 9,   "Increment" : 0.5 },
        "Epic" : 		{ "MinValue" : 4,    "MaxValue" : 12,   "Increment" : 0.5 },
        "Legendary" :   { "MinValue" : 5,    "MaxValue" : 15,   "Increment" : 0.5 }
       }
    },
	{
      "Path": "$.MagicItemEffects[?(@.Type == 'Paralyze')].ValuesPerRarity", 
      "Action": "Overwrite",
      "Value": {
        "Magic" : { "MinValue" : 0.5, "MaxValue" : 2, "Increment" : 0.5 },
        "Rare" : { "MinValue" : 1, "MaxValue" : 2.5, "Increment" : 0.5 },
        "Epic" : { "MinValue" : 1.5, "MaxValue" : 3, "Increment" : 0.5 },
        "Legendary" : { "MinValue" : 2, "MaxValue" : 4, "Increment" : 0.5 }
       }
    },
	{
      "Path": "$.MagicItemEffects[?(@.Type == 'ExplosiveArrows')].ValuesPerRarity", 
      "Action": "Overwrite",
      "Value": {
        "Magic" : 		{ "MinValue" : 4,    "MaxValue" : 8,    "Increment" : 0.5 },
        "Rare" : 		{ "MinValue" : 6,    "MaxValue" : 12,   "Increment" : 0.5 },
        "Epic" : 		{ "MinValue" : 8,    "MaxValue" : 16,   "Increment" : 0.5 },
        "Legendary" :   { "MinValue" : 10,   "MaxValue" : 20,   "Increment" : 0.5 }
       }
    },
	{
      "Path": "$.MagicItemEffects[?(@.Type == 'QuickDraw')].ValuesPerRarity", 
      "Action": "Overwrite",
      "Value": {
        "Magic" : 		{ "MinValue" : 4,    "MaxValue" : 8,    "Increment" : 0.5 },
        "Rare" : 		{ "MinValue" : 6,    "MaxValue" : 12,   "Increment" : 0.5 },
        "Epic" : 		{ "MinValue" : 8,    "MaxValue" : 16,   "Increment" : 0.5 },
        "Legendary" :   { "MinValue" : 10,   "MaxValue" : 20,   "Increment" : 0.5 }
       }
    },
	{
      "Path": "$.MagicItemEffects[?(@.Type == 'AddSwordsSkill')].ValuesPerRarity", 
      "Action": "Overwrite",
      "Value": {
        "Magic" : 		{ "MinValue" : 1,  "MaxValue" : 2,  "Increment" : 0.5 },
        "Rare" : 		{ "MinValue" : 2,  "MaxValue" : 4,  "Increment" : 0.5 },
        "Epic" : 		{ "MinValue" : 3,  "MaxValue" : 6,  "Increment" : 0.5 },
        "Legendary" : 	{ "MinValue" : 4,  "MaxValue" : 10, "Increment" : 0.5 }
       }
    },
	{
      "Path": "$.MagicItemEffects[?(@.Type == 'AddSwordsSkill')].SelectionWeight", 
      "Action": "Overwrite",
      "Value": 0.5
    },
	
	{
      "Path": "$.MagicItemEffects[?(@.Type == 'AddKnivesSkill')].ValuesPerRarity", 
      "Action": "Overwrite",
      "Value": {
        "Magic" : 		{ "MinValue" : 1,  "MaxValue" : 2,  "Increment" : 0.5 },
        "Rare" : 		{ "MinValue" : 2,  "MaxValue" : 4,  "Increment" : 0.5 },
        "Epic" : 		{ "MinValue" : 3,  "MaxValue" : 6,  "Increment" : 0.5 },
        "Legendary" : 	{ "MinValue" : 4,  "MaxValue" : 10, "Increment" : 0.5 }
       }
    },
	{
      "Path": "$.MagicItemEffects[?(@.Type == 'AddKnivesSkill')].SelectionWeight", 
      "Action": "Overwrite",
      "Value": 0.5
    },
	
	{
      "Path": "$.MagicItemEffects[?(@.Type == 'AddClubsSkill')].ValuesPerRarity", 
      "Action": "Overwrite",
      "Value": {
        "Magic" : 		{ "MinValue" : 1,  "MaxValue" : 2,  "Increment" : 0.5 },
        "Rare" : 		{ "MinValue" : 2,  "MaxValue" : 4,  "Increment" : 0.5 },
        "Epic" : 		{ "MinValue" : 3,  "MaxValue" : 6,  "Increment" : 0.5 },
        "Legendary" : 	{ "MinValue" : 4,  "MaxValue" : 10, "Increment" : 0.5 }
       }
    },
	{
      "Path": "$.MagicItemEffects[?(@.Type == 'AddClubsSkill')].SelectionWeight", 
      "Action": "Overwrite",
      "Value": 0.5
    },
	
	{
      "Path": "$.MagicItemEffects[?(@.Type == 'AddPolearmsSkill')].ValuesPerRarity", 
      "Action": "Overwrite",
      "Value": {
        "Magic" : 		{ "MinValue" : 1,  "MaxValue" : 2,  "Increment" : 0.5 },
        "Rare" : 		{ "MinValue" : 2,  "MaxValue" : 4,  "Increment" : 0.5 },
        "Epic" : 		{ "MinValue" : 3,  "MaxValue" : 6,  "Increment" : 0.5 },
        "Legendary" : 	{ "MinValue" : 4,  "MaxValue" : 10, "Increment" : 0.5 }
       }
    },
	{
      "Path": "$.MagicItemEffects[?(@.Type == 'AddPolearmsSkill')].SelectionWeight", 
      "Action": "Overwrite",
      "Value": 0.5
    },
	
	{
      "Path": "$.MagicItemEffects[?(@.Type == 'AddSpearsSkill')].ValuesPerRarity", 
      "Action": "Overwrite",
      "Value": {
        "Magic" : 		{ "MinValue" : 1,  "MaxValue" : 2,  "Increment" : 0.5 },
        "Rare" : 		{ "MinValue" : 2,  "MaxValue" : 4,  "Increment" : 0.5 },
        "Epic" : 		{ "MinValue" : 3,  "MaxValue" : 6,  "Increment" : 0.5 },
        "Legendary" : 	{ "MinValue" : 4,  "MaxValue" : 10, "Increment" : 0.5 }
       }
    },
	{
      "Path": "$.MagicItemEffects[?(@.Type == 'AddSpearsSkill')].SelectionWeight", 
      "Action": "Overwrite",
      "Value": 0.5
    },
	
	{
      "Path": "$.MagicItemEffects[?(@.Type == 'AddBlockingSkill')].ValuesPerRarity", 
      "Action": "Overwrite",
      "Value": {
        "Magic" : 		{ "MinValue" : 1,  "MaxValue" : 2,  "Increment" : 0.5 },
        "Rare" : 		{ "MinValue" : 2,  "MaxValue" : 4,  "Increment" : 0.5 },
        "Epic" : 		{ "MinValue" : 3,  "MaxValue" : 6,  "Increment" : 0.5 },
        "Legendary" : 	{ "MinValue" : 4,  "MaxValue" : 10, "Increment" : 0.5 }
       }
    },
	{
      "Path": "$.MagicItemEffects[?(@.Type == 'AddBlockingSkill')].SelectionWeight", 
      "Action": "Overwrite",
      "Value": 0.5
    },
	
	{
      "Path": "$.MagicItemEffects[?(@.Type == 'AddAxesSkill')].ValuesPerRarity", 
      "Action": "Overwrite",
      "Value": {
        "Magic" : 		{ "MinValue" : 1,  "MaxValue" : 2,  "Increment" : 0.5 },
        "Rare" : 		{ "MinValue" : 2,  "MaxValue" : 4,  "Increment" : 0.5 },
        "Epic" : 		{ "MinValue" : 3,  "MaxValue" : 6,  "Increment" : 0.5 },
        "Legendary" : 	{ "MinValue" : 4,  "MaxValue" : 10, "Increment" : 0.5 }
       }
    },
	{
      "Path": "$.MagicItemEffects[?(@.Type == 'AddAxesSkill')].SelectionWeight", 
      "Action": "Overwrite",
      "Value": 0.5
    },
	
	{
      "Path": "$.MagicItemEffects[?(@.Type == 'AddBowsSkill')].ValuesPerRarity", 
      "Action": "Overwrite",
      "Value": {
        "Magic" : 		{ "MinValue" : 1,  "MaxValue" : 2,  "Increment" : 0.5 },
        "Rare" : 		{ "MinValue" : 2,  "MaxValue" : 4,  "Increment" : 0.5 },
        "Epic" : 		{ "MinValue" : 3,  "MaxValue" : 6,  "Increment" : 0.5 },
        "Legendary" : 	{ "MinValue" : 4,  "MaxValue" : 10, "Increment" : 0.5 }
       }
    },
	{
      "Path": "$.MagicItemEffects[?(@.Type == 'AddBowsSkill')].SelectionWeight", 
      "Action": "Overwrite",
      "Value": 0.5
    },
	
	{
      "Path": "$.MagicItemEffects[?(@.Type == 'AddBloodMagicSkill')].ValuesPerRarity", 
      "Action": "Overwrite",
      "Value": {
        "Magic" : 		{ "MinValue" : 1,  "MaxValue" : 2,  "Increment" : 0.5 },
        "Rare" : 		{ "MinValue" : 2,  "MaxValue" : 4,  "Increment" : 0.5 },
        "Epic" : 		{ "MinValue" : 3,  "MaxValue" : 6,  "Increment" : 0.5 },
        "Legendary" : 	{ "MinValue" : 4,  "MaxValue" : 10, "Increment" : 0.5 }
       }
    },
	{
      "Path": "$.MagicItemEffects[?(@.Type == 'AddBloodMagicSkill')].SelectionWeight", 
      "Action": "Overwrite",
      "Value": 0.5
    },
	
	{
      "Path": "$.MagicItemEffects[?(@.Type == 'AddElementalMagicSkill')].ValuesPerRarity", 
      "Action": "Overwrite",
      "Value": {
        "Magic" : 		{ "MinValue" : 1,  "MaxValue" : 2,  "Increment" : 0.5 },
        "Rare" : 		{ "MinValue" : 2,  "MaxValue" : 4,  "Increment" : 0.5 },
        "Epic" : 		{ "MinValue" : 3,  "MaxValue" : 6,  "Increment" : 0.5 },
        "Legendary" : 	{ "MinValue" : 4,  "MaxValue" : 10, "Increment" : 0.5 }
       }
    },
	{
      "Path": "$.MagicItemEffects[?(@.Type == 'AddElementalMagicSkill')].SelectionWeight", 
      "Action": "Overwrite",
      "Value": 0.5
    },
	
	{
      "Path": "$.MagicItemEffects[?(@.Type == 'AddUnarmedSkill')].ValuesPerRarity", 
      "Action": "Overwrite",
      "Value": {
        "Magic" : 		{ "MinValue" : 1,  "MaxValue" : 2,  "Increment" : 0.5 },
        "Rare" : 		{ "MinValue" : 2,  "MaxValue" : 4,  "Increment" : 0.5 },
        "Epic" : 		{ "MinValue" : 3,  "MaxValue" : 6,  "Increment" : 0.5 },
        "Legendary" : 	{ "MinValue" : 4,  "MaxValue" : 10, "Increment" : 0.5 }
       }
    },
	{
      "Path": "$.MagicItemEffects[?(@.Type == 'AddUnarmedSkill')].SelectionWeight", 
      "Action": "Overwrite",
      "Value": 0.5
    },
	
	{
      "Path": "$.MagicItemEffects[?(@.Type == 'AddPickaxesSkill')].ValuesPerRarity", 
      "Action": "Overwrite",
      "Value": {
        "Magic" : 		{ "MinValue" : 1,  "MaxValue" : 2,  "Increment" : 0.5 },
        "Rare" : 		{ "MinValue" : 2,  "MaxValue" : 4,  "Increment" : 0.5 },
        "Epic" : 		{ "MinValue" : 3,  "MaxValue" : 6,  "Increment" : 0.5 },
        "Legendary" : 	{ "MinValue" : 4,  "MaxValue" : 10, "Increment" : 0.5 }
       }
    },
	{
      "Path": "$.MagicItemEffects[?(@.Type == 'AddPickaxesSkill')].SelectionWeight", 
      "Action": "Overwrite",
      "Value": 0.5
    },
	
	{
      "Path": "$.MagicItemEffects[?(@.Type == 'AddMovementSkills')].ValuesPerRarity", 
      "Action": "Overwrite",
      "Value": {
        "Magic" : 		{ "MinValue" : 1,  "MaxValue" : 2,  "Increment" : 0.5 },
        "Rare" : 		{ "MinValue" : 2,  "MaxValue" : 4,  "Increment" : 0.5 },
        "Epic" : 		{ "MinValue" : 3,  "MaxValue" : 6,  "Increment" : 0.5 },
        "Legendary" : 	{ "MinValue" : 4,  "MaxValue" : 10, "Increment" : 0.5 }
       }
    },
	{
      "Path": "$.MagicItemEffects[?(@.Type == 'AddMovementSkills')].SelectionWeight", 
      "Action": "Overwrite",
      "Value": 0.5
    },
	
	{
      "Path": "$.MagicItemEffects[?(@.Type == 'ModifyStaggerDuration')].ValuesPerRarity", 
      "Action": "Overwrite",
      "Value": {
        "Magic" : 		{ "MinValue" : 2,    "MaxValue" : 6,    "Increment" : 0.5 },
        "Rare" : 		{ "MinValue" : 3,    "MaxValue" : 9,   "Increment" : 0.5 },
        "Epic" : 		{ "MinValue" : 4,    "MaxValue" : 12,   "Increment" : 0.5 },
        "Legendary" :   { "MinValue" : 5,    "MaxValue" : 15,   "Increment" : 0.5 }
       }
    },
	{
      "Path": "$.MagicItemEffects[?(@.Type == 'QuickLearner')].ValuesPerRarity", 
      "Action": "Overwrite",
      "Value": {
        "Magic" : 		{ "MinValue" : 2,   "MaxValue" : 4,   "Increment" : 0.1 },
        "Rare" : 		{ "MinValue" : 3,   "MaxValue" : 6,   "Increment" : 0.1 },
        "Epic" : 		{ "MinValue" : 4,   "MaxValue" : 8,   "Increment" : 0.1 },
        "Legendary" :   { "MinValue" : 5,   "MaxValue" : 10,  "Increment" : 0.1 }
       }
    },
	{
      "Path": "$.MagicItemEffects[?(@.Type == 'ReflectDamage')].ValuesPerRarity", 
      "Action": "Overwrite",
      "Value": {
        "Magic" : 		{ "MinValue" : 2,   "MaxValue" : 4,   "Increment" : 0.5 },
        "Rare" : 		{ "MinValue" : 3,   "MaxValue" : 6,   "Increment" : 0.5 },
        "Epic" : 		{ "MinValue" : 4,   "MaxValue" : 8,   "Increment" : 0.5 },
        "Legendary" :   { "MinValue" : 5,   "MaxValue" : 10,  "Increment" : 0.5 }
       }
    },
	{
      "Path": "$.MagicItemEffects[?(@.Type == 'AvoidDamageTaken')].ValuesPerRarity", 
      "Action": "Overwrite",
      "Value": {
        "Magic" : 		{ "MinValue" : 2,    "MaxValue" : 6,    "Increment" : 0.5 },
        "Rare" : 		{ "MinValue" : 3,    "MaxValue" : 9,    "Increment" : 0.5 },
        "Epic" : 		{ "MinValue" : 4,    "MaxValue" : 12,   "Increment" : 0.5 },
        "Legendary" :   { "MinValue" : 5,    "MaxValue" : 15,   "Increment" : 0.5 }
       }
    },
	{
      "Path": "$.MagicItemEffects[?(@.Type == 'StaggerOnDamageTaken')].ValuesPerRarity", 
      "Action": "Overwrite",
      "Value": {
        "Magic" : 		{ "MinValue" : 2,    "MaxValue" : 6,    "Increment" : 0.5 },
        "Rare" : 		{ "MinValue" : 3,    "MaxValue" : 9,    "Increment" : 0.5 },
        "Epic" : 		{ "MinValue" : 4,    "MaxValue" : 12,   "Increment" : 0.5 },
        "Legendary" :   { "MinValue" : 5,    "MaxValue" : 15,   "Increment" : 0.5 }
       }
    },
	{
      "Path": "$.MagicItemEffects[?(@.Type == 'ModifyDiscoveryRadius')].ValuesPerRarity", 
      "Action": "Overwrite",
      "Value": {
        "Magic" : 		{ "MinValue" : 1, "MaxValue" : 5,  "Increment" : 0.1 },
        "Rare" : 		{ "MinValue" : 1, "MaxValue" : 10, "Increment" : 0.1 },
        "Epic" : 		{ "MinValue" : 1, "MaxValue" : 15, "Increment" : 0.1 },
        "Legendary" : 	{ "MinValue" : 1, "MaxValue" : 20, "Increment" : 0.1 }
       }
    },
	{
      "Path": "$.MagicItemEffects[?(@.Type == 'Executioner')].ValuesPerRarity", 
      "Action": "Overwrite",
      "Value": {
        "Epic" : 		{ "MinValue" : 50,  "MaxValue" : 100, "Increment" : 0.5 },
        "Legendary" : 	{ "MinValue" : 100, "MaxValue" : 150, "Increment" : 0.5 }
       }
    },
	{
      "Path": "$.MagicItemEffects[?(@.Type == 'Executioner')].SelectionWeight", 
      "Action": "Overwrite",
      "Value": 0.2
    },
	
	{
      "Path": "$.MagicItemEffects[?(@.Type == 'Riches')].ValuesPerRarity", 
      "Action": "Overwrite",
      "Value": {
        "Magic" : 		{ "MinValue" : 1, "MaxValue" : 2, "Increment" : 0.2 },
        "Rare" : 		{ "MinValue" : 1, "MaxValue" : 3, "Increment" : 0.2 },
        "Epic" : 		{ "MinValue" : 1, "MaxValue" : 4, "Increment" : 0.2 },
        "Legendary" : 	{ "MinValue" : 1, "MaxValue" : 5, "Increment" : 0.2 }
       }
    },
	{
      "Path": "$.MagicItemEffects[?(@.Type == 'Opportunist')].ValuesPerRarity", 
      "Action": "Overwrite",
      "Value": {
        "Magic" : 		{ "MinValue" : 2,   "MaxValue" : 4,   "Increment" : 0.5 },
        "Rare" : 		{ "MinValue" : 3,   "MaxValue" : 6,   "Increment" : 0.5 },
        "Epic" : 		{ "MinValue" : 4,   "MaxValue" : 8,   "Increment" : 0.5 },
        "Legendary" :   { "MinValue" : 5,   "MaxValue" : 10,  "Increment" : 0.5 }
       }
    },
	{
      "Path": "$.MagicItemEffects[?(@.Type == 'Duelist')].ValuesPerRarity", 
      "Action": "Overwrite",
      "Value": {
        "Magic" : 		{ "MinValue" : 2,    "MaxValue" : 6,    "Increment" : 0.5 },
        "Rare" : 		{ "MinValue" : 3,    "MaxValue" : 9,    "Increment" : 0.5 },
        "Epic" : 		{ "MinValue" : 4,    "MaxValue" : 12,   "Increment" : 0.5 },
        "Legendary" :   { "MinValue" : 5,    "MaxValue" : 15,   "Increment" : 0.5 }
       }
    },
	{
      "Path": "$.MagicItemEffects[?(@.Type == 'ModifyStaggerDamage')].ValuesPerRarity", 
      "Action": "Overwrite",
      "Value": {
        "Magic" : 		{ "MinValue" : 2,    "MaxValue" : 6,    "Increment" : 0.5 },
        "Rare" : 		{ "MinValue" : 3,    "MaxValue" : 9,    "Increment" : 0.5 },
        "Epic" : 		{ "MinValue" : 4,    "MaxValue" : 12,   "Increment" : 0.5 },
        "Legendary" :   { "MinValue" : 5,    "MaxValue" : 15,   "Increment" : 0.5 }
       }
    },
	{
      "Path": "$.MagicItemEffects[?(@.Type == 'Luck')].ValuesPerRarity", 
      "Action": "Overwrite",
      "Value": {
        "Magic" : 		{ "MinValue" : 1,    "MaxValue" : 4,    "Increment" : 0.2 },
        "Rare" : 		{ "MinValue" : 2,    "MaxValue" : 6,    "Increment" : 0.2 },
        "Epic" : 		{ "MinValue" : 3,    "MaxValue" : 8,    "Increment" : 0.2 },
        "Legendary" :   { "MinValue" : 4,    "MaxValue" : 10,   "Increment" : 0.2 }
       }
    },
	{
      "Path": "$.MagicItemEffects[?(@.Type == 'ModifyParryWindow')].ValuesPerRarity", 
      "Action": "Overwrite",
      "Value": {
        "Magic" : 		{ "MinValue" : 35, "MaxValue" : 70,  "Increment" : 0.5 },
        "Rare" : 		{ "MinValue" : 40, "MaxValue" : 80,  "Increment" : 0.5 },
        "Epic" : 		{ "MinValue" : 45, "MaxValue" : 90,  "Increment" : 0.5 },
        "Legendary" : 	{ "MinValue" : 50, "MaxValue" : 100, "Increment" : 0.5 }
       }
    },
	{
      "Path": "$.MagicItemEffects[?(@.Type == 'Slow')].ValuesPerRarity", 
      "Action": "Overwrite",
      "Value": {
        "Magic" : 		{ "MinValue" : 2,    "MaxValue" : 6,    "Increment" : 0.5 },
        "Rare" : 		{ "MinValue" : 3,    "MaxValue" : 9,    "Increment" : 0.5 },
        "Epic" : 		{ "MinValue" : 4,    "MaxValue" : 12,   "Increment" : 0.5 },
        "Legendary" :   { "MinValue" : 5,    "MaxValue" : 15,   "Increment" : 0.5 }
       }
    },
	
	{
      "Path": "$.MagicItemEffects[?(@.Type == 'ModifyMovementSpeedLowHealth')].ValuesPerRarity", 
      "Action": "Overwrite",
      "Value": {
        "Magic" : 		{ "MinValue" : 1,    "MaxValue" : 4,    "Increment" : 0.2 },
        "Rare" : 		{ "MinValue" : 2,    "MaxValue" : 6,    "Increment" : 0.2 },
        "Epic" : 		{ "MinValue" : 3,    "MaxValue" : 8,    "Increment" : 0.2 },
        "Legendary" :   { "MinValue" : 4,    "MaxValue" : 10,   "Increment" : 0.2 }
       }
    },
	
	{
      "Path": "$.MagicItemEffects[?(@.Type == 'ModifyHealthRegenLowHealth')].ValuesPerRarity", 
      "Action": "Overwrite",
      "Value": {
        "Magic" : 		{ "MinValue" : 1,    "MaxValue" : 4,    "Increment" : 0.2 },
        "Rare" : 		{ "MinValue" : 2,    "MaxValue" : 6,    "Increment" : 0.2 },
        "Epic" : 		{ "MinValue" : 3,    "MaxValue" : 8,    "Increment" : 0.2 },
        "Legendary" :   { "MinValue" : 4,    "MaxValue" : 10,   "Increment" : 0.2 }
       }
    },
	
	{
      "Path": "$.MagicItemEffects[?(@.Type == 'ModifyStaminaRegenLowHealth')].ValuesPerRarity", 
      "Action": "Overwrite",
      "Value": {
        "Magic" : 		{ "MinValue" : 1,    "MaxValue" : 4,    "Increment" : 0.2 },
        "Rare" : 		{ "MinValue" : 2,    "MaxValue" : 6,    "Increment" : 0.2 },
        "Epic" : 		{ "MinValue" : 3,    "MaxValue" : 8,    "Increment" : 0.2 },
        "Legendary" :   { "MinValue" : 4,    "MaxValue" : 10,   "Increment" : 0.2 }
       }
    },
	
	{
      "Path": "$.MagicItemEffects[?(@.Type == 'ModifyEitrRegenLowHealth')].ValuesPerRarity", 
      "Action": "Overwrite",
      "Value": {
        "Epic" : 		{ "MinValue" : 3,    "MaxValue" : 8,    "Increment" : 0.2 },
        "Legendary" :   { "MinValue" : 4,    "MaxValue" : 10,   "Increment" : 0.2 }
       }
    },
	
	{
      "Path": "$.MagicItemEffects[?(@.Type == 'ModifyArmorLowHealth')].ValuesPerRarity", 
      "Action": "Overwrite",
      "Value": {
        "Magic" : 		{ "MinValue" : 1,    "MaxValue" : 4,    "Increment" : 0.2 },
        "Rare" : 		{ "MinValue" : 2,    "MaxValue" : 6,    "Increment" : 0.2 },
        "Epic" : 		{ "MinValue" : 3,    "MaxValue" : 8,    "Increment" : 0.2 },
        "Legendary" :   { "MinValue" : 4,    "MaxValue" : 10,   "Increment" : 0.2 }
       }
    },
	
	{
      "Path": "$.MagicItemEffects[?(@.Type == 'ModifyDamageLowHealth')].ValuesPerRarity", 
      "Action": "Overwrite",
      "Value": {
        "Magic" : 		{ "MinValue" : 1,    "MaxValue" : 4,    "Increment" : 0.2 },
        "Rare" : 		{ "MinValue" : 2,    "MaxValue" : 6,    "Increment" : 0.2 },
        "Epic" : 		{ "MinValue" : 3,    "MaxValue" : 8,    "Increment" : 0.2 },
        "Legendary" :   { "MinValue" : 4,    "MaxValue" : 10,   "Increment" : 0.2 }
       }
    },
	
	{
      "Path": "$.MagicItemEffects[?(@.Type == 'ModifyBlockPowerLowHealth')].ValuesPerRarity", 
      "Action": "Overwrite",
      "Value": {
        "Magic" : 		{ "MinValue" : 1,    "MaxValue" : 4,    "Increment" : 0.2 },
        "Rare" : 		{ "MinValue" : 2,    "MaxValue" : 6,    "Increment" : 0.2 },
        "Epic" : 		{ "MinValue" : 3,    "MaxValue" : 8,    "Increment" : 0.2 },
        "Legendary" :   { "MinValue" : 4,    "MaxValue" : 10,   "Increment" : 0.2 }
       }
    },
	
	{
      "Path": "$.MagicItemEffects[?(@.Type == 'ModifyParryLowHealth')].ValuesPerRarity", 
      "Action": "Overwrite",
      "Value": {
        "Magic" : 		{ "MinValue" : 1,    "MaxValue" : 4,    "Increment" : 0.2 },
        "Rare" : 		{ "MinValue" : 2,    "MaxValue" : 6,    "Increment" : 0.2 },
        "Epic" : 		{ "MinValue" : 3,    "MaxValue" : 8,    "Increment" : 0.2 },
        "Legendary" :   { "MinValue" : 4,    "MaxValue" : 10,   "Increment" : 0.2 }
       }
    },
	
	{
      "Path": "$.MagicItemEffects[?(@.Type == 'ModifyAttackSpeedLowHealth')].ValuesPerRarity", 
      "Action": "Overwrite",
      "Value": {
        "Magic" : 		{ "MinValue" : 1,    "MaxValue" : 4,    "Increment" : 0.2 },
        "Rare" : 		{ "MinValue" : 2,    "MaxValue" : 6,    "Increment" : 0.2 },
        "Epic" : 		{ "MinValue" : 3,    "MaxValue" : 8,    "Increment" : 0.2 },
        "Legendary" :   { "MinValue" : 4,    "MaxValue" : 10,   "Increment" : 0.2 }
       }
    },
	
	{
      "Path": "$.MagicItemEffects[?(@.Type == 'AvoidDamageTakenLowHealth')].ValuesPerRarity", 
      "Action": "Overwrite",
      "Value": {
        "Magic" : 		{ "MinValue" : 1,    "MaxValue" : 4,    "Increment" : 0.2 },
        "Rare" : 		{ "MinValue" : 2,    "MaxValue" : 6,    "Increment" : 0.2 },
        "Epic" : 		{ "MinValue" : 3,    "MaxValue" : 8,    "Increment" : 0.2 },
        "Legendary" :   { "MinValue" : 4,    "MaxValue" : 10,   "Increment" : 0.2 }
       }
    },
	
	{
      "Path": "$.MagicItemEffects[?(@.Type == 'LifeStealLowHealth')].ValuesPerRarity", 
      "Action": "Overwrite",
      "Value": {
        "Magic" : 		{ "MinValue" : 1,    "MaxValue" : 1,    "Increment" : 0.2 },
        "Rare" : 		{ "MinValue" : 1,    "MaxValue" : 2,    "Increment" : 0.2 },
        "Epic" : 		{ "MinValue" : 1,    "MaxValue" : 3,    "Increment" : 0.2 },
        "Legendary" :   { "MinValue" : 1,    "MaxValue" : 4,   "Increment" : 0.2 }
       }
    },
	
	{
      "Path": "$.MagicItemEffects[?(@.Type == 'Indestructible')].SelectionWeight", 
      "Action": "Overwrite",
      "Value": 0.2
    }
  ]
}