{
  "TargetFile": "magiceffects.json", 
  "Author": "Warpalicious",
  "RequireAll": true, 
  "Patches": [
	{
      "Path": "$.MagicItemEffects[?(@.Type == 'ModifyDamage')].ValuesPerRarity", 
      "Action": "Overwrite",
      "Value": {
        "Magic" : 		{ "MinValue" : 2,    "MaxValue" : 6,    "Increment" : 0.5 },
        "Rare" : 		{ "MinValue" : 3,    "MaxValue" : 9,    "Increment" : 0.5 },
        "Epic" : 		{ "MinValue" : 4,    "MaxValue" : 12,   "Increment" : 0.5 },
        "Legendary" :   { "MinValue" : 5,    "MaxValue" : 15,   "Increment" : 0.5 }
       }
    },
	
	{
      "Path": "$.MagicItemEffects[?(@.Type == 'ModifyPhysicalDamage')].ValuesPerRarity", 
      "Action": "Overwrite",
      "Value": {
        "Magic" : { "MinValue" : 5, "MaxValue" : 10, "Increment" : 1 },
        "Rare" : { "MinValue" : 10, "MaxValue" : 15, "Increment" : 1 },
        "Epic" : { "MinValue" : 15, "MaxValue" : 25, "Increment" : 1 },
        "Legendary" : { "MinValue" : 25, "MaxValue" : 35, "Increment" : 1 }
       }
    },
	{
      "Path": "$.MagicItemEffects[?(@.Type == 'ModifyElementalDamage')].ValuesPerRarity", 
      "Action": "Overwrite",
      "Value": {
        "Magic" : { "MinValue" : 5, "MaxValue" : 10, "Increment" : 1 },
        "Rare" : { "MinValue" : 10, "MaxValue" : 15, "Increment" : 1 },
        "Epic" : { "MinValue" : 15, "MaxValue" : 25, "Increment" : 1 },
        "Legendary" : { "MinValue" : 25, "MaxValue" : 35, "Increment" : 1 }
       }
    },
	{
      "Path": "$.MagicItemEffects[?(@.Type == 'ModifyDurability')].ValuesPerRarity", 
      "Action": "Overwrite",
      "Value": {
		"Magic" : 		{ "MinValue" : 20, "MaxValue" : 50, "Increment" : 5 },
        "Rare" : 		{ "MinValue" : 50, "MaxValue" : 70, "Increment" : 5 },
        "Epic" : 		{ "MinValue" : 70, "MaxValue" : 100, "Increment" : 5 }
	  }
    },
	{
      "Path": "$.MagicItemEffects[?(@.Type == 'ModifyBlockPower')].ValuesPerRarity", 
      "Action": "Overwrite",
      "Value": {
        "Magic" : { "MinValue" : 5, "MaxValue" : 10, "Increment" : 1 },
        "Rare" : { "MinValue" : 10, "MaxValue" : 15, "Increment" : 1 },
        "Epic" : { "MinValue" : 15, "MaxValue" : 25, "Increment" : 1 },
        "Legendary" : { "MinValue" : 25, "MaxValue" : 35, "Increment" : 1 }
       }
    },
	{
      "Path": "$.MagicItemEffects[?(@.Type == 'ModifyParry')].ValuesPerRarity", 
      "Action": "Overwrite",
      "Value": {
        "Magic" : { "MinValue" : 10, "MaxValue" : 20, "Increment" : 1 },
        "Rare" : { "MinValue" : 20, "MaxValue" : 30, "Increment" : 1 },
        "Epic" : { "MinValue" : 30, "MaxValue" : 40, "Increment" : 1 },
        "Legendary" : { "MinValue" : 40, "MaxValue" : 50, "Increment" : 1 }
       }
    },
	{
      "Path": "$.MagicItemEffects[?(@.Type == 'ModifyArmor')].ValuesPerRarity", 
      "Action": "Overwrite",
      "Value": {
        "Magic" : { "MinValue" : 5, "MaxValue" : 10, "Increment" : 1 },
        "Rare" : { "MinValue" : 10, "MaxValue" : 15, "Increment" : 1 },
        "Epic" : { "MinValue" : 15, "MaxValue" : 25, "Increment" : 1 },
        "Legendary" : { "MinValue" : 25, "MaxValue" : 35, "Increment" : 1 }
       }
    },
	{
      "Path": "$.MagicItemEffects[?(@.Type == 'ModifyBackstab')].ValuesPerRarity", 
      "Action": "Overwrite",
      "Value": {
        "Magic" : { "MinValue" : 5, "MaxValue" : 10, "Increment" : 1 },
        "Rare" : { "MinValue" : 10, "MaxValue" : 15, "Increment" : 1 },
        "Epic" : { "MinValue" : 15, "MaxValue" : 25, "Increment" : 1 },
        "Legendary" : { "MinValue" : 25, "MaxValue" : 35, "Increment" : 1 }
       }
    },
	{
      "Path": "$.MagicItemEffects[?(@.Type == 'IncreaseHealth')].ValuesPerRarity", 
      "Action": "Overwrite",
      "Value": {
        "Magic" : { "MinValue" : 5, "MaxValue" : 15, "Increment" : 1 },
        "Rare" : { "MinValue" : 15, "MaxValue" : 25, "Increment" : 1 },
        "Epic" : { "MinValue" : 25, "MaxValue" : 35, "Increment" : 1 },
        "Legendary" : { "MinValue" : 35, "MaxValue" : 50, "Increment" : 1 }
       }
    },
	{
      "Path": "$.MagicItemEffects[?(@.Type == 'IncreaseStamina')].ValuesPerRarity", 
      "Action": "Overwrite",
      "Value": {
        "Magic" : { "MinValue" : 5, "MaxValue" : 15, "Increment" : 1 },
        "Rare" : { "MinValue" : 15, "MaxValue" : 25, "Increment" : 1 },
        "Epic" : { "MinValue" : 25, "MaxValue" : 35, "Increment" : 1 },
        "Legendary" : { "MinValue" : 35, "MaxValue" : 50, "Increment" : 1 }
       }
    },
	{
      "Path": "$.MagicItemEffects[?(@.Type == 'IncreaseEitr')].ValuesPerRarity", 
      "Action": "Overwrite",
      "Value": {
        "Epic" : 	  { "MinValue" : 5, "MaxValue" : 15, "Increment" : 5 },
        "Legendary" : { "MinValue" : 15, "MaxValue" : 25, "Increment" : 5 }
       }
    },
	{
      "Path": "$.MagicItemEffects[?(@.Type == 'ModifyHealthRegen')].ValuesPerRarity", 
      "Action": "Overwrite",
      "Value": {
        "Magic" : { "MinValue" : 2, "MaxValue" : 5, "Increment" : 1 },
        "Rare" : { "MinValue" : 5, "MaxValue" : 10, "Increment" : 1 },
        "Epic" : { "MinValue" : 10, "MaxValue" : 15, "Increment" : 1 },
        "Legendary" : { "MinValue" : 15, "MaxValue" : 25, "Increment" : 1 }
       }
    },
	{
      "Path": "$.MagicItemEffects[?(@.Type == 'AddHealthRegen')].ValuesPerRarity", 
      "Action": "Overwrite",
      "Value": {
        "Magic" : { "MinValue" : 0.5, "MaxValue" : 1.5, "Increment" : 0.5 },
        "Rare" : { "MinValue" : 1, "MaxValue" : 2, "Increment" : 0.5 },
        "Epic" : { "MinValue" : 2, "MaxValue" : 3, "Increment" : 0.5 },
        "Legendary" : { "MinValue" : 3, "MaxValue" : 5, "Increment" : 0.5 }
       }
    },
	{
      "Path": "$.MagicItemEffects[?(@.Type == 'ModifyStaminaRegen')].ValuesPerRarity", 
      "Action": "Overwrite",
      "Value": {
        "Magic" : { "MinValue" : 5, "MaxValue" : 10, "Increment" : 1 },
        "Rare" : { "MinValue" : 10, "MaxValue" : 15, "Increment" : 1 },
        "Epic" : { "MinValue" : 15, "MaxValue" : 20, "Increment" : 1 },
        "Legendary" : { "MinValue" : 20, "MaxValue" : 30, "Increment" : 1 }
       }
    },
	{
      "Path": "$.MagicItemEffects[?(@.Type == 'ModifyEitrRegen')].ValuesPerRarity", 
      "Action": "Overwrite",
      "Value": {
        "Epic" : 	  { "MinValue" : 10, "MaxValue" : 20, "Increment" : 2 },
        "Legendary" : { "MinValue" : 20, "MaxValue" : 30, "Increment" : 2 }
       }
    },
	{
      "Path": "$.MagicItemEffects[?(@.Type == 'AddBluntDamage')].ValuesPerRarity", 
      "Action": "Overwrite",
      "Value": {
        "Magic" : { "MinValue" : 5, "MaxValue" : 7, "Increment" : 1 },
        "Rare" : { "MinValue" : 7, "MaxValue" : 10, "Increment" : 1 },
        "Epic" : { "MinValue" : 10, "MaxValue" : 15, "Increment" : 1 },
        "Legendary" : { "MinValue" : 15, "MaxValue" : 20, "Increment" : 1 }
       }
    },
	{
      "Path": "$.MagicItemEffects[?(@.Type == 'AddSlashingDamage')].ValuesPerRarity", 
      "Action": "Overwrite",
      "Value": {
        "Magic" : { "MinValue" : 5, "MaxValue" : 7, "Increment" : 1 },
        "Rare" : { "MinValue" : 7, "MaxValue" : 10, "Increment" : 1 },
        "Epic" : { "MinValue" : 10, "MaxValue" : 15, "Increment" : 1 },
        "Legendary" : { "MinValue" : 15, "MaxValue" : 20, "Increment" : 1 }
       }
    },
	{
      "Path": "$.MagicItemEffects[?(@.Type == 'AddPiercingDamage')].ValuesPerRarity", 
      "Action": "Overwrite",
      "Value": {
        "Magic" : { "MinValue" : 5, "MaxValue" : 7, "Increment" : 1 },
        "Rare" : { "MinValue" : 7, "MaxValue" : 10, "Increment" : 1 },
        "Epic" : { "MinValue" : 10, "MaxValue" : 15, "Increment" : 1 },
        "Legendary" : { "MinValue" : 15, "MaxValue" : 20, "Increment" : 1 }
       }
    },
	{
      "Path": "$.MagicItemEffects[?(@.Type == 'AddFireDamage')].ValuesPerRarity", 
      "Action": "Overwrite",
      "Value": {
        "Magic" : { "MinValue" : 5, "MaxValue" : 7, "Increment" : 1 },
        "Rare" : { "MinValue" : 7, "MaxValue" : 10, "Increment" : 1 },
        "Epic" : { "MinValue" : 10, "MaxValue" : 15, "Increment" : 1 },
        "Legendary" : { "MinValue" : 15, "MaxValue" : 20, "Increment" : 1 }
       }
    },
	{
      "Path": "$.MagicItemEffects[?(@.Type == 'AddFrostDamage')].ValuesPerRarity", 
      "Action": "Overwrite",
      "Value": {
        "Magic" : { "MinValue" : 5, "MaxValue" : 7, "Increment" : 1 },
        "Rare" : { "MinValue" : 7, "MaxValue" : 10, "Increment" : 1 },
        "Epic" : { "MinValue" : 10, "MaxValue" : 15, "Increment" : 1 },
        "Legendary" : { "MinValue" : 15, "MaxValue" : 20, "Increment" : 1 }
       }
    },
	{
      "Path": "$.MagicItemEffects[?(@.Type == 'AddLightningDamage')].ValuesPerRarity", 
      "Action": "Overwrite",
      "Value": {
        "Magic" : { "MinValue" : 5, "MaxValue" : 7, "Increment" : 1 },
        "Rare" : { "MinValue" : 7, "MaxValue" : 10, "Increment" : 1 },
        "Epic" : { "MinValue" : 10, "MaxValue" : 15, "Increment" : 1 },
        "Legendary" : { "MinValue" : 15, "MaxValue" : 20, "Increment" : 1 }
       }
    },
	{
      "Path": "$.MagicItemEffects[?(@.Type == 'AddPoisonDamage')].ValuesPerRarity", 
      "Action": "Overwrite",
      "Value": {
        "Magic" : { "MinValue" : 5, "MaxValue" : 7, "Increment" : 1 },
        "Rare" : { "MinValue" : 7, "MaxValue" : 10, "Increment" : 1 },
        "Epic" : { "MinValue" : 10, "MaxValue" : 15, "Increment" : 1 },
        "Legendary" : { "MinValue" : 15, "MaxValue" : 20, "Increment" : 1 }
       }
    },
	{
      "Path": "$.MagicItemEffects[?(@.Type == 'AddSpiritDamage')].ValuesPerRarity", 
      "Action": "Overwrite",
      "Value": {
        "Magic" : { "MinValue" : 5, "MaxValue" : 7, "Increment" : 1 },
        "Rare" : { "MinValue" : 7, "MaxValue" : 10, "Increment" : 1 },
        "Epic" : { "MinValue" : 10, "MaxValue" : 15, "Increment" : 1 },
        "Legendary" : { "MinValue" : 15, "MaxValue" : 20, "Increment" : 1 }
       }
    },
	{
      "Path": "$.MagicItemEffects[?(@.Type == 'AddFireResistancePercentage')].ValuesPerRarity", 
      "Action": "Overwrite",
      "Value": {
        "Magic" : 		{ "MinValue" : 5,   "MaxValue" : 10,   "Increment" : 1 },
        "Rare" : 		{ "MinValue" : 10,   "MaxValue" : 15,   "Increment" : 1 },
        "Epic" : 		{ "MinValue" : 15,   "MaxValue" : 20,   "Increment" : 1 },
        "Legendary" :   { "MinValue" : 20,   "MaxValue" : 25,  "Increment" : 1 }
       }
    },
	{
      "Path": "$.MagicItemEffects[?(@.Type == 'AddFrostResistancePercentage')].ValuesPerRarity", 
      "Action": "Overwrite",
      "Value": {
        "Magic" : 		{ "MinValue" : 5,   "MaxValue" : 10,   "Increment" : 1 },
        "Rare" : 		{ "MinValue" : 10,   "MaxValue" : 15,   "Increment" : 1 },
        "Epic" : 		{ "MinValue" : 15,   "MaxValue" : 20,   "Increment" : 1 },
        "Legendary" :   { "MinValue" : 20,   "MaxValue" : 25,  "Increment" : 1 }
       }
    },
	{
      "Path": "$.MagicItemEffects[?(@.Type == 'AddLightningResistancePercentage')].ValuesPerRarity", 
      "Action": "Overwrite",
      "Value": {
        "Magic" : 		{ "MinValue" : 5,   "MaxValue" : 10,   "Increment" : 1 },
        "Rare" : 		{ "MinValue" : 10,   "MaxValue" : 15,   "Increment" : 1 },
        "Epic" : 		{ "MinValue" : 15,   "MaxValue" : 20,   "Increment" : 1 },
        "Legendary" :   { "MinValue" : 20,   "MaxValue" : 25,  "Increment" : 1 }
       }
    },
	{
      "Path": "$.MagicItemEffects[?(@.Type == 'AddPoisonResistancePercentage')].ValuesPerRarity", 
      "Action": "Overwrite",
      "Value": {
        "Magic" : 		{ "MinValue" : 5,   "MaxValue" : 10,   "Increment" : 1 },
        "Rare" : 		{ "MinValue" : 10,   "MaxValue" : 15,   "Increment" : 1 },
        "Epic" : 		{ "MinValue" : 15,   "MaxValue" : 20,   "Increment" : 1 },
        "Legendary" :   { "MinValue" : 20,   "MaxValue" : 25,  "Increment" : 1 }
       }
    },
	{
      "Path": "$.MagicItemEffects[?(@.Type == 'AddSpiritResistancePercentage')].ValuesPerRarity", 
      "Action": "Overwrite",
      "Value": {
        "Magic" : 		{ "MinValue" : 5,   "MaxValue" : 10,   "Increment" : 1 },
        "Rare" : 		{ "MinValue" : 10,   "MaxValue" : 15,   "Increment" : 1 },
        "Epic" : 		{ "MinValue" : 15,   "MaxValue" : 20,   "Increment" : 1 },
        "Legendary" :   { "MinValue" : 20,   "MaxValue" : 25,  "Increment" : 1 }
       }
    },
	{
      "Path": "$.MagicItemEffects[?(@.Type == 'AddElementalResistancePercentage')].ValuesPerRarity", 
      "Action": "Overwrite",
      "Value": {
        "Magic" : 		{ "MinValue" : 5,   "MaxValue" : 7,   "Increment" : 1 },
        "Rare" : 		{ "MinValue" : 7,   "MaxValue" : 10,   "Increment" : 1 },
        "Epic" : 		{ "MinValue" : 10,   "MaxValue" : 15,   "Increment" : 1 },
        "Legendary" :   { "MinValue" : 15,   "MaxValue" : 20,  "Increment" : 1 }
       }
    },
	{
      "Path": "$.MagicItemEffects[?(@.Type == 'AddBluntResistancePercentage')].ValuesPerRarity", 
      "Action": "Overwrite",
      "Value": {
        "Magic" : 		{ "MinValue" : 5,   "MaxValue" : 10,   "Increment" : 1 },
        "Rare" : 		{ "MinValue" : 10,   "MaxValue" : 15,   "Increment" : 1 },
        "Epic" : 		{ "MinValue" : 15,   "MaxValue" : 20,   "Increment" : 1 },
        "Legendary" :   { "MinValue" : 20,   "MaxValue" : 25,  "Increment" : 1 }
       }
    },
	{
      "Path": "$.MagicItemEffects[?(@.Type == 'AddSlashingResistancePercentage')].ValuesPerRarity", 
      "Action": "Overwrite",
      "Value": {
        "Magic" : 		{ "MinValue" : 5,   "MaxValue" : 10,   "Increment" : 1 },
        "Rare" : 		{ "MinValue" : 10,   "MaxValue" : 15,   "Increment" : 1 },
        "Epic" : 		{ "MinValue" : 15,   "MaxValue" : 20,   "Increment" : 1 },
        "Legendary" :   { "MinValue" : 20,   "MaxValue" : 25,  "Increment" : 1 }
       }
    },
	{
      "Path": "$.MagicItemEffects[?(@.Type == 'AddPiercingResistancePercentage')].ValuesPerRarity", 
      "Action": "Overwrite",
      "Value": {
        "Magic" : 		{ "MinValue" : 5,   "MaxValue" : 10,   "Increment" : 1 },
        "Rare" : 		{ "MinValue" : 10,   "MaxValue" : 15,   "Increment" : 1 },
        "Epic" : 		{ "MinValue" : 15,   "MaxValue" : 20,   "Increment" : 1 },
        "Legendary" :   { "MinValue" : 20,   "MaxValue" : 25,  "Increment" : 1 }
       }
    },
	{
      "Path": "$.MagicItemEffects[?(@.Type == 'AddChoppingResistancePercentage')].ValuesPerRarity", 
      "Action": "Overwrite",
      "Value": {
        "Magic" : 		{ "MinValue" : 5,   "MaxValue" : 10,   "Increment" : 1 },
        "Rare" : 		{ "MinValue" : 10,   "MaxValue" : 15,   "Increment" : 1 },
        "Epic" : 		{ "MinValue" : 15,   "MaxValue" : 20,   "Increment" : 1 },
        "Legendary" :   { "MinValue" : 20,   "MaxValue" : 25,  "Increment" : 1 }
       }
    },
	{
      "Path": "$.MagicItemEffects[?(@.Type == 'AddPhysicalResistancePercentage')].ValuesPerRarity", 
      "Action": "Overwrite",
      "Value": {
        "Magic" : 		{ "MinValue" : 5,   "MaxValue" : 7,   "Increment" : 1 },
        "Rare" : 		{ "MinValue" : 7,   "MaxValue" : 10,   "Increment" : 1 },
        "Epic" : 		{ "MinValue" : 10,   "MaxValue" : 15,   "Increment" : 1 },
        "Legendary" :   { "MinValue" : 15,   "MaxValue" : 20,  "Increment" : 1 }
       }
    },
	{
      "Path": "$.MagicItemEffects[?(@.Type == 'ModifyMovementSpeed')].ValuesPerRarity", 
      "Action": "Overwrite",
      "Value": {
        "Magic" : { "MinValue" : 5, "MaxValue" : 10, "Increment" : 1 },
        "Rare" : { "MinValue" : 6, "MaxValue" : 11, "Increment" : 1 },
        "Epic" : { "MinValue" : 7, "MaxValue" : 12, "Increment" : 1 },
        "Legendary" : { "MinValue" : 8, "MaxValue" : 13, "Increment" : 1 }
       }
    },
	{
      "Path": "$.MagicItemEffects[?(@.Type == 'ModifySprintStaminaUse')].ValuesPerRarity", 
      "Action": "Overwrite",
      "Value": {
        "Magic" : { "MinValue" : 5, "MaxValue" : 10, "Increment" : 1 },
        "Rare" : { "MinValue" : 8, "MaxValue" : 13, "Increment" : 1 },
        "Epic" : { "MinValue" : 11, "MaxValue" : 16, "Increment" : 1 },
        "Legendary" : { "MinValue" : 14, "MaxValue" : 19, "Increment" : 1 }
       }
    },
	{
      "Path": "$.MagicItemEffects[?(@.Type == 'ModifyJumpStaminaUse')].ValuesPerRarity", 
      "Action": "Overwrite",
      "Value": {
        "Magic" : { "MinValue" : 5, "MaxValue" : 10, "Increment" : 1 },
        "Rare" : { "MinValue" : 8, "MaxValue" : 13, "Increment" : 1 },
        "Epic" : { "MinValue" : 11, "MaxValue" : 16, "Increment" : 1 },
        "Legendary" : { "MinValue" : 14, "MaxValue" : 19, "Increment" : 1 }
       }
    },
	{
      "Path": "$.MagicItemEffects[?(@.Type == 'ModifyAttackStaminaUse')].ValuesPerRarity", 
      "Action": "Overwrite",
      "Value": {
        "Magic" : { "MinValue" : 5, "MaxValue" : 10, "Increment" : 1 },
        "Rare" : { "MinValue" : 8, "MaxValue" : 13, "Increment" : 1 },
        "Epic" : { "MinValue" : 11, "MaxValue" : 16, "Increment" : 1 },
        "Legendary" : { "MinValue" : 14, "MaxValue" : 19, "Increment" : 1 }
       }
    },
	{
      "Path": "$.MagicItemEffects[?(@.Type == 'ModifyBlockStaminaUse')].ValuesPerRarity", 
      "Action": "Overwrite",
      "Value": {
        "Magic" : { "MinValue" : 5, "MaxValue" : 10, "Increment" : 1 },
        "Rare" : { "MinValue" : 8, "MaxValue" : 13, "Increment" : 1 },
        "Epic" : { "MinValue" : 11, "MaxValue" : 16, "Increment" : 1 },
        "Legendary" : { "MinValue" : 14, "MaxValue" : 19, "Increment" : 1 }
       }
    },
	{
      "Path": "$.MagicItemEffects[?(@.Type == 'AddCarryWeight')].ValuesPerRarity", 
      "Action": "Overwrite",
      "Value": {
        "Magic" : 		{ "MinValue" : 5,    "MaxValue" : 10,   "Increment" : 5 },
        "Rare" : 		{ "MinValue" : 10,   "MaxValue" : 15,   "Increment" : 5 },
        "Epic" : 		{ "MinValue" : 15,   "MaxValue" : 25,   "Increment" : 5 },
        "Legendary" :   { "MinValue" : 20,   "MaxValue" : 50,   "Increment" : 5 }
       }
    },
	{
      "Path": "$.MagicItemEffects[?(@.Type == 'LifeSteal')].ValuesPerRarity", 
      "Action": "Overwrite",
      "Value": {
        "Magic" : 		{ "MinValue" : 0.5,    "MaxValue" : 2,   "Increment" : 0.3 },
        "Rare" : 		{ "MinValue" : 1.5,    "MaxValue" : 3,   "Increment" : 0.3 },
        "Epic" : 		{ "MinValue" : 2.5,    "MaxValue" : 4,   "Increment" : 0.3 },
        "Legendary" :   { "MinValue" : 3.5,    "MaxValue" : 6,   "Increment" : 0.3 }
       }
    },
	{
      "Path": "$.MagicItemEffects[?(@.Type == 'ModifyAttackSpeed')].ValuesPerRarity", 
      "Action": "Overwrite",
      "Value": {
        "Magic" : 		{ "MinValue" : 2,    "MaxValue" : 6,    "Increment" : 0.5 },
        "Rare" : 		{ "MinValue" : 3,    "MaxValue" : 9,   "Increment" : 0.5 },
        "Epic" : 		{ "MinValue" : 4,    "MaxValue" : 12,   "Increment" : 0.5 },
        "Legendary" :   { "MinValue" : 5,    "MaxValue" : 15,   "Increment" : 0.5 }
       }
    },
	{
      "Path": "$.MagicItemEffects[?(@.Type == 'Paralyze')].ValuesPerRarity", 
      "Action": "Overwrite",
      "Value": {
        "Magic" : { "MinValue" : 0.5, "MaxValue" : 2, "Increment" : 0.5 },
        "Rare" : { "MinValue" : 1, "MaxValue" : 2.5, "Increment" : 0.5 },
        "Epic" : { "MinValue" : 1.5, "MaxValue" : 3, "Increment" : 0.5 },
        "Legendary" : { "MinValue" : 2, "MaxValue" : 4, "Increment" : 0.5 }
       }
    },
	{
      "Path": "$.MagicItemEffects[?(@.Type == 'ExplosiveArrows')].ValuesPerRarity", 
      "Action": "Overwrite",
      "Value": {
        "Magic" : 		{ "MinValue" : 4,    "MaxValue" : 8,    "Increment" : 1 },
        "Rare" : 		{ "MinValue" : 6,    "MaxValue" : 12,   "Increment" : 1 },
        "Epic" : 		{ "MinValue" : 8,    "MaxValue" : 16,   "Increment" : 1 },
        "Legendary" :   { "MinValue" : 10,   "MaxValue" : 20,   "Increment" : 1 }
       }
    },
	{
      "Path": "$.MagicItemEffects[?(@.Type == 'QuickDraw')].ValuesPerRarity", 
      "Action": "Overwrite",
      "Value": {
        "Magic" : 		{ "MinValue" : 4,    "MaxValue" : 8,    "Increment" : 1 },
        "Rare" : 		{ "MinValue" : 6,    "MaxValue" : 12,   "Increment" : 1 },
        "Epic" : 		{ "MinValue" : 8,    "MaxValue" : 16,   "Increment" : 1 },
        "Legendary" :   { "MinValue" : 10,   "MaxValue" : 20,   "Increment" : 1 }
       }
    },
	{
      "Path": "$.MagicItemEffects[?(@.Type == 'AddBloodMagicSkill')].ValuesPerRarity", 
      "Action": "Overwrite",
      "Value": {
        "Magic" : { "MinValue" : 5, "MaxValue" : 10, "Increment" : 1 },
        "Rare" : { "MinValue" : 10, "MaxValue" : 15, "Increment" : 1 },
        "Epic" : { "MinValue" : 15, "MaxValue" : 20, "Increment" : 1 },
        "Legendary" : { "MinValue" : 20, "MaxValue" : 30, "Increment" : 1 }
       }
    },
	{
      "Path": "$.MagicItemEffects[?(@.Type == 'AddElementalMagicSkill')].ValuesPerRarity", 
      "Action": "Overwrite",
      "Value": {
        "Magic" : { "MinValue" : 5, "MaxValue" : 10, "Increment" : 1 },
        "Rare" : { "MinValue" : 10, "MaxValue" : 15, "Increment" : 1 },
        "Epic" : { "MinValue" : 15, "MaxValue" : 20, "Increment" : 1 },
        "Legendary" : { "MinValue" : 20, "MaxValue" : 30, "Increment" : 1 }
       }
    },
	{
      "Path": "$.MagicItemEffects[?(@.Type == 'AddMovementSkills')].ValuesPerRarity", 
      "Action": "Overwrite",
      "Value": {
        "Magic" : { "MinValue" : 1, "MaxValue" : 4, "Increment" : 1 },
        "Rare" : { "MinValue" : 3, "MaxValue" : 8, "Increment" : 1 },
        "Epic" : { "MinValue" : 7, "MaxValue" : 15, "Increment" : 1 },
        "Legendary" : { "MinValue" : 15, "MaxValue" : 20, "Increment" : 1 }
       }
    },
	{
      "Path": "$.MagicItemEffects[?(@.Type == 'QuickLearner')].ValuesPerRarity", 
      "Action": "Overwrite",
      "Value": {
        "Magic" : { "MinValue" : 5, "MaxValue" : 10, "Increment" : 1 },
        "Rare" : { "MinValue" : 10, "MaxValue" : 15, "Increment" : 1 },
        "Epic" : { "MinValue" : 15, "MaxValue" : 20, "Increment" : 1 },
        "Legendary" : { "MinValue" : 20, "MaxValue" : 30, "Increment" : 1 }
       }
    },
	{
      "Path": "$.MagicItemEffects[?(@.Type == 'ModifyDiscoveryRadius')].ValuesPerRarity", 
      "Action": "Overwrite",
      "Value": {
        "Magic" : { "MinValue" : 10, "MaxValue" : 15, "Increment" : 1 },
        "Rare" : { "MinValue" : 15, "MaxValue" : 20, "Increment" : 1 },
        "Epic" : { "MinValue" : 25, "MaxValue" : 30, "Increment" : 1 }
       }
    },
	{
      "Path": "$.MagicItemEffects[?(@.Type == 'Executioner')].ValuesPerRarity", 
      "Action": "Overwrite",
      "Value": {
        "Epic" : 		{ "MinValue" : 50,  "MaxValue" : 100, "Increment" : 1 },
        "Legendary" : 	{ "MinValue" : 100, "MaxValue" : 200, "Increment" : 1 }
       }
    },
	{
      "Path": "$.MagicItemEffects[?(@.Type == 'Riches')].ValuesPerRarity", 
      "Action": "Overwrite",
      "Value": {
        "Magic" : { "MinValue" : 1, "MaxValue" : 3, "Increment" : 1 },
        "Rare" : { "MinValue" : 4, "MaxValue" : 6, "Increment" : 1 },
        "Epic" : { "MinValue" : 7, "MaxValue" : 9, "Increment" : 1 },
        "Legendary" : { "MinValue" : 10, "MaxValue" : 15, "Increment" : 1 }
       }
    },
	{
      "Path": "$.MagicItemEffects[?(@.Type == 'Opportunist')].ValuesPerRarity", 
      "Action": "Overwrite",
      "Value": {
        "Rare" : { "MinValue" : 10, "MaxValue" : 15, "Increment" : 1 },
        "Epic" : { "MinValue" : 15, "MaxValue" : 20, "Increment" : 1 },
        "Legendary" : { "MinValue" : 20, "MaxValue" : 25, "Increment" : 1 }
       }
    },
	{
      "Path": "$.MagicItemEffects[?(@.Type == 'Duelist')].ValuesPerRarity", 
      "Action": "Overwrite",
      "Value": {
        "Magic" : { "MinValue" : 20, "MaxValue" : 30, "Increment" : 1 },
        "Rare" : { "MinValue" : 31, "MaxValue" : 40, "Increment" : 1 },
        "Epic" : { "MinValue" : 41, "MaxValue" : 50, "Increment" : 1 },
        "Legendary" : { "MinValue" : 51, "MaxValue" : 60, "Increment" : 1 }
       }
    },
	{
      "Path": "$.MagicItemEffects[?(@.Type == 'ModifyStaggerDamage')].ValuesPerRarity", 
      "Action": "Overwrite",
      "Value": {
        "Magic" : { "MinValue" : 7, "MaxValue" : 15, "Increment" : 1 },
        "Rare" : { "MinValue" : 16, "MaxValue" : 22, "Increment" : 1 },
        "Epic" : { "MinValue" : 23, "MaxValue" : 30, "Increment" : 1 },
        "Legendary" : { "MinValue" : 31, "MaxValue" : 40, "Increment" : 1 }
       }
    },
	{
      "Path": "$.MagicItemEffects[?(@.Type == 'Luck')].ValuesPerRarity", 
      "Action": "Overwrite",
      "Value": {
        "Magic" : { "MinValue" : 1, "MaxValue" : 5, "Increment" : 1 },
        "Rare" : { "MinValue" : 5, "MaxValue" : 10, "Increment" : 1 },
        "Epic" : { "MinValue" : 10, "MaxValue" : 15, "Increment" : 1 },
        "Legendary" : { "MinValue" : 15, "MaxValue" : 20, "Increment" : 1 }
       }
    },
	{
      "Path": "$.MagicItemEffects[?(@.Type == 'ModifyParryWindow')].ValuesPerRarity", 
      "Action": "Overwrite",
      "Value": {
        "Magic" : { "MinValue" : 10, "MaxValue" : 40, "Increment" : 1 },
        "Rare" : { "MinValue" : 20, "MaxValue" : 60, "Increment" : 1 },
        "Epic" : { "MinValue" : 40, "MaxValue" : 80, "Increment" : 1 },
        "Legendary" : { "MinValue" : 50, "MaxValue" : 100, "Increment" : 1 }
       }
    },
	{
      "Path": "$.MagicItemEffects[?(@.Type == 'Slow')].ValuesPerRarity", 
      "Action": "Overwrite",
      "Value": {
        "Magic" : { "MinValue" : 5, "MaxValue" : 10, "Increment" : 1 },
        "Rare" : { "MinValue" : 10, "MaxValue" : 15, "Increment" : 1 },
        "Epic" : { "MinValue" : 20, "MaxValue" : 30, "Increment" : 1 },
        "Legendary" : { "MinValue" : 30, "MaxValue" : 50, "Increment" : 1 }
       }
    },
    {
      "Path": "$.MagicItemEffects[?(@.Type == 'Slow')].ValuesPerRarity", 
      "Action": "Overwrite",
      "Value": {
        "Magic" : { "MinValue" : 5, "MaxValue" : 10, "Increment" : 1 },
        "Rare" : { "MinValue" : 10, "MaxValue" : 15, "Increment" : 1 },
        "Epic" : { "MinValue" : 20, "MaxValue" : 30, "Increment" : 1 },
        "Legendary" : { "MinValue" : 30, "MaxValue" : 50, "Increment" : 1 }
       }
    }
  ]
}